"Time_Step","Probability_S1_Uniform_Start","Probability_S1_Start_S3"
0,0.2,0
3,0.42,0.2
6,0.536,0.36
10,0.66208,0.5904
15,0.762432,0.67232
20,0.83747072,0.7902848
30,0.92215372,0.89262582
50,0.98254855,0.977482
80,0.99812616,0.99758215
