"State","Pi_cesaro_from_S5"
"S1",0.498563
"S2",0.498437
"S3",0
"S4",0.000662
"S5",0.000778
"S6",0.000764
"S7",0.000796
