"n","P_S1_uniform","P_S1_startS3"
0,0.2,0
3,0.42,0.2
6,0.536,0.36
10,0.66208,0.5904
15,0.762432,0.67232
20,0.837471,0.790285
30,0.922154,0.892626
50,0.982549,0.977482
80,0.998126,0.997582
